set_size,task_duration_ms,nominal_runtime,performance,difference_s,difference_rel
10000,100,1000.01,1000.12,0.109,0.0108999
50000,20,1000.04,1000.32,0.278,0.027799
100000,10,1000.07,1000.56,0.495,0.0494966
500000,2,1000.35,1002.28,1.931,0.193033
1000000,1,1000.52,1004.25,3.733,0.373106
